Type,Emoji,Category,Title,Description,Due Date,Working Link,Link,Assigned,Status,Added to Staging,Posted,HideOnWebsite
Document,📄,,Explanation of Fees,Post explaining why the fees are the way they are. Outlines the costs for us and how the fee they are paying is less than what it would be in other regions,5/1/2026,Explanation of Fees,,Andrew Troake,Cancelled,FALSE,FALSE,
Document,📄,,"Scoring, Awards, and Advancement",Here is a document outlining the judging process in FIRST Tech Challenge and how win awards.,5/1/2026,"Scoring, Awards, and Advancement",,Martha Snelgrove,In Progress,FALSE,FALSE,
Document,📅,Important Season Information,Season Timeline,"Below are important dates to look out for.

September
September 10th - Coaches Meeting #1
3:30pm - Google Meet

October
October 23rd - Team Swag Order Deadline
October 31st - Registration Deadline

November
November 12th - Coaches Meeting #2
November 13th - Youth Registration Deadline & Dietary Restrictions Due

December 4th (evening) - December 5th
Provincial Championship",5/1/2026,,,Andrew Troake,Posted,FALSE,TRUE,FALSE
Document,📄,Event Information,Event Map,,,,,Andrew Troake,Coming Soon,FALSE,FALSE,
Document,📄,Event Information,Event Schedule,,,,,Andrew Troake,Coming Soon,FALSE,FALSE,
Document,📄,Important Season Information,Comeptition Manual,,,,https://ftc-resources.firstinspires.org/ftc/game/manual,Andrew Troake,Coming Soon,,,
Link,🔗,Important Season Information,Current Game and Season Materials,Link to the FIRST website for FTC game and season materials. Many documents in this classroom come from this page.,,,https://ftc-resources.firstinspires.org/ftc/game,Andrew Troake,Posted,TRUE,TRUE,FALSE
Link,🔗,Programming Resources, Programming Resources Overview Page,This page contains programming tutorials and related Control System documentation useful for configuring and programming Control System components.,,,https://ftc-docs.firstinspires.org/en/latest/programming_resources/index.html,Andrew Troake,Posted,TRUE,TRUE,FALSE
Link,🔗,Programming Resources,Blocks Programming Tutorial,"This tutorial will take you step-by-step through the process of configuring, programming, and operating your Control System. This tutorial uses the Blocks Programming Tool to help you get started quickly.",,,https://ftc-docs.firstinspires.org/en/latest/programming_resources/blocks/Blocks-Tutorial.html,Andrew Troake,Posted,TRUE,TRUE,FALSE
Link,🔗,Programming Resources,OnBot Java Programming Tutorial,"This tutorial will take you step-by-step through the process of configuring, programming, and operating your Control System. This tutorial uses the OnBot Java Programming Tool to help you get started programming your robot.",,,https://ftc-docs.firstinspires.org/en/latest/programming_resources/onbot_java/OnBot-Java-Tutorial.html,Andrew Troake,Posted,TRUE,TRUE,FALSE
Link,🔗,Robot Resources,Getting Started with the Control Hub,A website with information on how to get started using the Control Hub in your robot kit.,,,https://docs.revrobotics.com/duo-control/menu/control-hub-gs,Andrew Troake,Posted,TRUE,TRUE,FALSE
Video,🎞️,Robot Resources,Driver Hub: Getting Started (2 minutes),Walkthrough from REV Robotics for setting up your Driver Hub.,,,https://youtu.be/RPcZOzUOZHg?si=rO_N3EQqFjjsy4b_,Andrew Troake,Posted,TRUE,TRUE,FALSE
Video,🎞️,Robot Resources,Connecting a Driver Hub to a Control Hub (2 minutes),Walkthrough from REV Robotics for connecting your Driver Hub to your Control Hub.,,,https://youtu.be/XOtzRAZ5HyM?si=JOtZN5_-QRseXxjs,Andrew Troake,Posted,TRUE,TRUE,FALSE
Link,🔗,Programming Resources,AprilTag Introduction,AprilTags are visual indicators on the game field that teams can use as a reference for AUTO programs. This tutorial introduces what AprilTags are and how you can use them in your code.,,,https://ftc-docs.firstinspires.org/en/latest/apriltag/vision_portal/apriltag_intro/apriltag-intro.html#,Andrew Troake,Posted,TRUE,TRUE,FALSE
Link,🔗,Programming Resources,VisionPortal Guide,VisionPortal is the interface for vision processing in FIRST Tech Challenge. This guide shows how your team can use VisionPortal in your code to enhance your AUTO programs with computer vision.,,,https://ftc-docs.firstinspires.org/en/latest/apriltag/vision_portal/visionportal_overview/visionportal-overview.html,,Posted,TRUE,TRUE,FALSE
Link,🔗,Robot Resources,Free CAD Software,"There are many free Computer Aided Design (CAD) programs out there for FTC teams to use. You can use these softwares to create 3D models.

Beginner:
Autodesk TinkerCAD - Free (Web)

Intermediate:
PTC Onshape - Free for FIRST Teams (Web, iOS, iPadOS, Android)
Audodesk Fusion 360 - Free for FIRST Teams (Windows, MacOS, Web)
FreeCAD - Free (Windows, MacOS, Linux)

Advanced:
Dessault Systems Solidworks - Free for FIRST Teams (Windows)
Autodesk Inventor - Free for FIRST Teams (Windows)
PTC Creo - Free for FIRST Teams (Windows)",,,"https://www.tinkercad.com/
https://ftc-docs.firstinspires.org/en/latest/cad_resources/ptc/ptc.html
https://ftc-docs.firstinspires.org/en/latest/cad_resources/autodesk/autodesk.html
https://www.freecad.org/
https://ftc-docs.firstinspires.org/en/latest/cad_resources/solidworks/solidworks.html",,Posted,TRUE,TRUE,FALSE
Link,🔗,Event Information,Team Avatar/Logo Submission,Do you have a team logo that you want featured at the event? You can upload your team logo to be used in the official FIRST Tech Challenge scoring system.,,,https://community.firstinspires.org/team-avatars,,Ready,TRUE,FALSE,
Document,📄,Robot Game Resources,Robot Game Field CAD Model,,,,,,,FALSE,FALSE,
Document,📄,Robot Resources,Starter Bot Build Guide PDF,Instructions for building a starter bot for FIRST Tech Challenge.,,,,,Coming Soon,FALSE,FALSE,
Document,📄,Event Information,Inspection Quick Reference Guide,A short guide for your team to prepare for your robot inspection. Teams must pass the robot inspection to participate in the robot game.,,,https://ftc-resources.firstinspires.org/ftc/archive/2027/event/inspection-reference,,Posted,TRUE,TRUE,FALSE
Document,📄,Judging Resources,Judging Summary Sheet,"This sheet shows the awards and their criteria. During the event, judges will be using this sheet to evaluate your team for judging.",,,,,Coming Soon,FALSE,FALSE,
Document,📄,Judging Resources,Judging Question Bank,"This document contains example judging questions for each award. These questions should provide you a good idea for what the judges will be looking for. 

You may be asked questions from this list at the provincial championship. 👀🤔",,,ftc-resources.firstinspires.org,,Coming Soon,TRUE,FALSE,
Document,📄,Judging Resources,Judging Structured Interview Rubric,"This is the Rubric that judges use for the structured interview. At the competition, our judges will use this sheet to evaluate your team.",,,https://ftc-resources.firstinspires.org/ftc/archive/2026/event/interview-feedback,,Coming Soon,TRUE,FALSE,
Document,📄,Robot Resources,Robot Sign Template,"Every team is required to have a BLUE and RED Robot Sign for their robot. This tells the referees which robot is on which alliance.

This is a template that can be printed out. A sign printed on paper is not the only way to create your robot sign. Please read the robot construction rules in the competition manual for robot sign requirements.",,,https://ftc-resources.firstinspires.org/ftc/archive/2026/team/robotsign-us,,Posted,TRUE,TRUE,FALSE
Video,🎞️,Engineering Portfolio Resources,How to Write a Winning FTC Portfolio (26 minutes),Video from Brogan M. Pratt about how to create a fantastic FTC Engineering Portfolio,,,https://www.youtube.com/watch?v=w4jvYll8vpg,,Posted,TRUE,TRUE,FALSE
Link,🔗,Engineering Portfolio Resources,Engineering Portfolio Guide,"This guide was created by a FTC team, ""Team Without a Cool Acronym"". It is a fantastic resource for understanding how to structure your engineering portfolio.",,,"https://twcarobotics.com/engineering-notebook/
https://twcarobotics.com/wp-content/uploads/2025/09/english-v3-engineering-portfolio-resource-for-first-tech-challenge-teams.pdf",,Posted,TRUE,TRUE,FALSE
Document,📄,Judging Resources,Engineering Portfolio Examples,"Each of these examples came from the website ftcportfoliolab.org. This is a website where teams can upload their portfolios from various seasons. You can filter the portfolios by season and by what awards they won. Please mind that the engineering portfolios you will see on this site are from teams in much larger regions than our own. Use these for inspiration and don't feel discouraged by all the content they have. Many of these teams have existed for half a decade or more.

Team Without a Cool Acronym #16091
Season: 2022 Power Play
Inspire Award Winner

Potential Energy #19706
Season: 2023 Centerstage
Think Award Winner

JFK Robotics #23393
Season: 2025 Decode
No Award Specified",,,"https://www.ftcportfoliolab.org/portfolio
https://drive.google.com/file/d/1Z0SvCbq8ko9SF0PTQ7NV6PXNmbSGRv3Q/view?usp=sharing
https://drive.google.com/file/d/1d1-wJUnh9qGTINNEUzANms6CJU3p3DCd/view?usp=sharing
https://drive.google.com/file/d/1Ii3-_pkg4s-18752Bt0V9UI9CfhRo5Oz/view?usp=sharing",,Posted,TRUE,TRUE,FALSE
Video,🎞️,Judging Resources,How to Prepare for FTC Judging (9 Minutes),"A video created by the FTC team Red Beard Pandas about how you can prepare for your FTC judging. This video shows you what you should expect, how to structure your structured interview, and how to prepare for pit interviews. The video contains an example presentation.",,,https://www.youtube.com/watch?v=8t9_XO97ukE,,Posted,TRUE,TRUE,FALSE
Document,📄,Event Information,Robot Inspection Checklist,This is the checklist our inspectors will use to inspect your robot. Make sure your robot passes all parts of this checklist.,,,,,Coming Soon,FALSE,FALSE,
Document,📄,Robot Resources,Recommended Purchasing ,List of different kits and parts that teams can purchase to up their FTC game,,,,,Not Started,FALSE,FALSE,
Document,📄,Robot Resources,REV FTC Starter Bot Base Build Guide,This document provides assembly instructions for the 2026-27 REV FTC Starter Bot Base. Please note that this guide covers the Base build only. The full REV starter bot build guide will be posted following the season release on September 12.,,,,,Cancelled,FALSE,FALSE,
Document,📄,Robot Resources,goBILDA FTC Starter Bot Base Build Guide,This document provides assembly instructions for the 2026-27 goBILDA FTC Starter Bot Base. Please note that this guide covers the Base build only. The full goBILDA starter bot build guide will be posted following the season release on September 12.,,,,,Cancelled,FALSE,FALSE,
Link,🔗,Robot Resources,Wiring Diagram,"This link shows the official wiring diagram for the Control Hub. Please note that this diagram applies to both REV and goBILDA kits, as they both use the same Control Hub system.",,,https://docs.revrobotics.com/duo-control/menu/control-hub-gs/wiring-diagram,,Posted,TRUE,TRUE,FALSE
Document,📄,Robot Resources,Port Pinouts,"This PDF will show you what each port on the REV Control System is used for and help you correctly connect motors, sensors, and other hardware when building your robot.",,,,,Cancelled,FALSE,FALSE,
Link,🔗,Robot Resources,Getting Started with the Driver Hub,This website is your main guide for setting up and using your Driver Hub.,,,https://docs.revrobotics.com/duo-control/menu/driver-hub-gs,,Posted,TRUE,TRUE,FALSE
Link,🔗,Robot Resources,Configuring robot with the Drive Hub,"This website will show you how to configure your robot's motors, servos, and sensors in the Driver Hub so they can be used in your code.",,,https://docs.revrobotics.com/duo-control/menu/configuring-devices,,Posted,TRUE,TRUE,FALSE
Link,🔗,Robot Resources,Status LED Blink Codes,"This website will help you understand the LED blink codes on your Control Hub, Expansion Hub, and Driver Hub so you can identify problems and know what steps to take to fix them.",,,https://docs.revrobotics.com/duo-control/troubleshooting-the-control-system/led-blink-codes,,Posted,TRUE,TRUE,FALSE
Link,🔗,Robot Resources,Control Hub Troubleshooting,"This website will help you fix common Control Hub issues, including connection problems, error lights, software updates, and communication between the Driver Hub and Control Hub.",,,https://docs.revrobotics.com/duo-control/troubleshooting-the-control-system/control-hub-troubleshooting,,Posted,TRUE,TRUE,FALSE
Link,🔗,Robot Resources,Driver Hub Troubleshooting,"This website will help you solve common Driver Hub problems, such as updating the software, fixing startup issues, and troubleshooting connection or charging problems.",,,https://docs.revrobotics.com/duo-control/troubleshooting-the-control-system/driver-hub-troubleshooting#updating-the-os,,Posted,TRUE,TRUE,FALSE
Link,🔗,Programming Resources,REV Hardware Client,"This website provides the software you must install on your computer to set up your robot. Use this tool to manage, update, and fix your robot's electronics throughout the season.",,,https://docs.revrobotics.com/rev-hardware-client,,Posted,TRUE,TRUE,FALSE
Document,📄,Programming Resources,Navigating the REV Hardware Client,"This PDF is a guide that explains how to use the REV Hardware Client to manage your robot's parts. It provides a breakdown of the software's three main tabs—Hardware, Downloads, and About—so you know how to connect your devices and perform software updates.",,,https://drive.google.com/file/d/1vBQ6Ua0ufgfXajy9K_gnw9euDmvEZkPn/view?usp=drive_link,,Posted,TRUE,TRUE,FALSE
Document,📄,Programming Resources,Troubleshooting the REV Hardware Client,This document explains how to fix issues if the REV Hardware Client doesn't detect your robot's parts.,,,https://drive.google.com/file/d/1-rIfqnzX1FgxeG0RWOyn-9TP8JQJTqNP/view?usp=drive_link,,Posted,TRUE,TRUE,FALSE
Critical,‼️,Coaches Corner,Youth Registration Instructions,"The following links are the instructions for youth registration. All participants are required to register through the FIRST dashboard.
  - Lead coaches only invite youth members that are 18 years old or older and can legally sign their consent form.
  - For youth members that are 17 years old and under, the lead coaches must send the Express Enrollment invitation/QR code directly to the parents/guardians to complete.

There are 3 Links.
  - Youth registration instructions as a coach
  - Youth registration instructions for parents
  - Main FIRST page for youth registration.",,,"https://help.firstinspires.org/s/article/As-a-lead-coach-mentor-how-do-I-invite-youth-members-via-Express-Enrollment?language=en_US
https://help.firstinspires.org/s/article/How-do-I-register-my-youth-with-Express-Enrollment?language=en_US
https://www.firstinspires.org/programs/youth-registration",,Posted,FALSE,TRUE,FALSE
Document,📄,Coaches Corner,Team Swag Ordering Information,Coming Soon,,,,,Coming Soon,FALSE,TRUE,FALSE
Link,🔗,Coaches Corner,Student Classroom Join Information,"Attached here is the join information for the student google classroom for FIRST Lego League. This Google Classroom includes all the information in the coach classroom besides the ""Coaches Corner"" section.",,,,,Posted,FALSE,TRUE,TRUE
Document,📄,Robot Game Resources,BIOBUZZ Reference Sheet,"Here is a 2 page reference sheet for the robot game created by our head referee Sam! You can use this as a quick reference of the rules of BIOBUZZ. This document is not a ""souce of truth"" please refer to the comeptition manual as the ""source of truth"" for the rules of the game.",,,https://drive.google.com/file/d/1oWLezNJqAcVhSVJ8Jx4JeqmpCdpItxJj/view?usp=drive_link,,Posted,FALSE,TRUE,FALSE
Document,📄,Competition Manual,Competition Manual,,,,https://ftc-resources.firstinspires.org/ftc/game/manual,,Posted,FALSE,TRUE,FALSE
Video,🎞️,Robot Game Resources,Field Walkthough Video,"BIOBUZZ presented by RTX Field Walkthrough with Erin Fadden, the FIRST Tech Challenge Program Function Manager",,,https://youtu.be/47X9sYnPijw?si=Z4o1HNcsrxQoSkem,,Posted,FALSE,TRUE,FALSE
Video,🎞️,Robot Game Resources,BIOBUZZ Game Animation,"Animated video giving an overview of the BIOBUZZ field, game, and rules.",,,https://youtu.be/sUH3z5a5S9I?si=MERmV_8FjRWNbr2V,,Posted,FALSE,TRUE,FALSE
Document,📄,Robot Resources,2026-27 REV DUO FTC Starter Bot Build Guide,A step-by-step guide to help you build the 2026–27 REV DUO FTC Starter Bot.,,,https://www.revrobotics.com/content/technical-resources/DUO/FTC-Kickoff-Concepts/2026-27/2026-27_REV_DUO_FTC_Starter_Bot-Build_Guide_1567.pdf,,Posted,FALSE,TRUE,FALSE
Document,📄,Programming Resources,Starter Bot Programming TeleOp and Auto,"This is a guide that includes robot configuration, TeleOp programming, and Autonomous programming, including how to set up and program the robot’s different systems. Includes Blocks and Java.",,,,,Posted,FALSE,TRUE,TRUE
Video,🎞️,Robot Resources,2026-27 REV DUO FTC Starter Bot Walkthrough,"See what all the buzz is about! 🐝 Join Brad and John Taylor as they walk through the mechanisms and design decisions behind the 2026-27 REV DUO FTC Starter Bot for BIOBUZZ. Whether you're looking to pollinate new ideas, learn how each mechanism works, or kickstart your own design, this walkthrough gives you an inside look at the Starter Bot and the thinking behind it.",,,https://www.youtube.com/watch?v=CvdBR6HiOWo,,Posted,FALSE,TRUE,FALSE
Critical,‼️,Coaches Corner,Background Screening Instructions,"All coaches are required to complete the Youth Protection Program background screening. In Canada, this is done by Sterling Background checks. Attached here is  a PDF provided by FIRST with information about the background check process.",,,"https://www.sterlingcheck.com/assets/econsent/candidate-user-guide-en.pdf
https://www.youtube.com/watch?v=HUVlYxYfw_k
https://www.firstinspires.org/hubfs/web/about/policy/ypp-faq.pdf?hsLang=en",,Posted,TRUE,TRUE,FALSE
Document,📄,Important Season Information,BIOBUZZ Team Updates,,,,https://ftc-resources.firstinspires.org/ftc/game/tu-combined,,Posted,FALSE,TRUE,FALSE
Video,🎞️,Coaches Corner,Coaches Meeting #1 Recording,,,,https://youtu.be/KeV-aoXKVD4?si=VPhWZf4CgwqWEjVG,,Posted,FALSE,TRUE,FALSE
Document,📄,Coaches Corner,Coaches Meeting #1 Slides,,,,,,Posted,FALSE,TRUE,TRUE